<?xml version="1.0" encoding="UTF-8"?>
<project-private xmlns="http://www.netbeans.org/ns/project-private/1">
    <editor-bookmarks xmlns="http://www.netbeans.org/ns/editor-bookmarks/2" lastBookmarkId="0"/>
    <open-files xmlns="http://www.netbeans.org/ns/projectui-open-files/2">
        <group>
            <file>file:/D:/Vijay/project/message%20passing/message%20passing/DualAccessControl/web/index.jsp</file>
            <file>file:/D:/Vijay/project/message%20passing/message%20passing/DualAccessControl/src/java/Fileupload.java</file>
            <file>file:/D:/Vijay/project/message%20passing/message%20passing/DualAccessControl/src/java/DownloadFile.java</file>
            <file>file:/D:/Vijay/project/message%20passing/message%20passing/DualAccessControl/web/index.html</file>
            <file>file:/D:/Vijay/project/message%20passing/message%20passing/DualAccessControl/src/java/SendSms.java</file>
            <file>file:/D:/Vijay/project/message%20passing/message%20passing/DualAccessControl/src/java/DownloadFile1.java</file>
        </group>
    </open-files>
</project-private>
